"","intuition","colormap","version","rotation","file_name","scenario_props"
"1","int","rocket","1","270","scen1_rocket_intuitive_ver 1_.png","25_25_25_25"
"2","int","rocket","2","45","scen1_rocket_intuitive_ver 2_.png","25_25_25_25"
"3","int","rocket","3","30","scen1_rocket_intuitive_ver 3_.png","25_25_25_25"
"4","int","rocket","4","15","scen1_rocket_intuitive_ver 4_.png","25_25_25_25"
"5","int","rocket","5","240","scen1_rocket_intuitive_ver 5_.png","25_25_25_25"
"6","int","rocket","6","300","scen1_rocket_intuitive_ver 6_.png","25_25_25_25"
"7","int","rocket","7","105","scen1_rocket_intuitive_ver 7_.png","25_25_25_25"
"8","int","rocket","8","60","scen1_rocket_intuitive_ver 8_.png","25_25_25_25"
"9","int","rocket","9","285","scen1_rocket_intuitive_ver 9_.png","25_25_25_25"
"10","int","rocket","10","255","scen1_rocket_intuitive_ver 10_.png","25_25_25_25"
"11","int","rocket","11","330","scen1_rocket_intuitive_ver 11_.png","25_25_25_25"
"12","int","rocket","12","345","scen1_rocket_intuitive_ver 12_.png","25_25_25_25"
"13","int","rocket","13","180","scen1_rocket_intuitive_ver 13_.png","25_25_25_25"
"14","int","rocket","14","315","scen1_rocket_intuitive_ver 14_.png","25_25_25_25"
"15","int","rocket","15","225","scen1_rocket_intuitive_ver 15_.png","25_25_25_25"
"16","int","rocket","16","165","scen1_rocket_intuitive_ver 16_.png","25_25_25_25"
"17","nonint","rocket","1","75","scen1_rocket_nonintuitive_ver 1_.png","25_25_25_25"
"18","nonint","rocket","2","210","scen1_rocket_nonintuitive_ver 2_.png","25_25_25_25"
"19","nonint","rocket","3","15","scen1_rocket_nonintuitive_ver 3_.png","25_25_25_25"
"20","nonint","rocket","4","30","scen1_rocket_nonintuitive_ver 4_.png","25_25_25_25"
"21","nonint","rocket","5","90","scen1_rocket_nonintuitive_ver 5_.png","25_25_25_25"
"22","nonint","rocket","6","255","scen1_rocket_nonintuitive_ver 6_.png","25_25_25_25"
"23","nonint","rocket","7","180","scen1_rocket_nonintuitive_ver 7_.png","25_25_25_25"
"24","nonint","rocket","8","135","scen1_rocket_nonintuitive_ver 8_.png","25_25_25_25"
"25","nonint","rocket","9","165","scen1_rocket_nonintuitive_ver 9_.png","25_25_25_25"
"26","nonint","rocket","10","240","scen1_rocket_nonintuitive_ver 10_.png","25_25_25_25"
"27","nonint","rocket","11","120","scen1_rocket_nonintuitive_ver 11_.png","25_25_25_25"
"28","nonint","rocket","12","0","scen1_rocket_nonintuitive_ver 12_.png","25_25_25_25"
"29","nonint","rocket","13","225","scen1_rocket_nonintuitive_ver 13_.png","25_25_25_25"
"30","nonint","rocket","14","345","scen1_rocket_nonintuitive_ver 14_.png","25_25_25_25"
"31","nonint","rocket","15","270","scen1_rocket_nonintuitive_ver 15_.png","25_25_25_25"
"32","nonint","rocket","16","315","scen1_rocket_nonintuitive_ver 16_.png","25_25_25_25"
"33","int","blues","1","315","scen1_blues_intuitive_ver 1_.png","25_25_25_25"
"34","int","blues","2","135","scen1_blues_intuitive_ver 2_.png","25_25_25_25"
"35","int","blues","3","0","scen1_blues_intuitive_ver 3_.png","25_25_25_25"
"36","int","blues","4","300","scen1_blues_intuitive_ver 4_.png","25_25_25_25"
"37","int","blues","5","90","scen1_blues_intuitive_ver 5_.png","25_25_25_25"
"38","int","blues","6","270","scen1_blues_intuitive_ver 6_.png","25_25_25_25"
"39","int","blues","7","225","scen1_blues_intuitive_ver 7_.png","25_25_25_25"
"40","int","blues","8","180","scen1_blues_intuitive_ver 8_.png","25_25_25_25"
"41","int","blues","9","75","scen1_blues_intuitive_ver 9_.png","25_25_25_25"
"42","int","blues","10","255","scen1_blues_intuitive_ver 10_.png","25_25_25_25"
"43","int","blues","11","240","scen1_blues_intuitive_ver 11_.png","25_25_25_25"
"44","int","blues","12","120","scen1_blues_intuitive_ver 12_.png","25_25_25_25"
"45","int","blues","13","210","scen1_blues_intuitive_ver 13_.png","25_25_25_25"
"46","int","blues","14","285","scen1_blues_intuitive_ver 14_.png","25_25_25_25"
"47","int","blues","15","165","scen1_blues_intuitive_ver 15_.png","25_25_25_25"
"48","int","blues","16","330","scen1_blues_intuitive_ver 16_.png","25_25_25_25"
"49","nonint","blues","1","0","scen1_blues_nonintuitive_ver 1_.png","25_25_25_25"
"50","nonint","blues","2","225","scen1_blues_nonintuitive_ver 2_.png","25_25_25_25"
"51","nonint","blues","3","45","scen1_blues_nonintuitive_ver 3_.png","25_25_25_25"
"52","nonint","blues","4","210","scen1_blues_nonintuitive_ver 4_.png","25_25_25_25"
"53","nonint","blues","5","165","scen1_blues_nonintuitive_ver 5_.png","25_25_25_25"
"54","nonint","blues","6","105","scen1_blues_nonintuitive_ver 6_.png","25_25_25_25"
"55","nonint","blues","7","30","scen1_blues_nonintuitive_ver 7_.png","25_25_25_25"
"56","nonint","blues","8","315","scen1_blues_nonintuitive_ver 8_.png","25_25_25_25"
"57","nonint","blues","9","300","scen1_blues_nonintuitive_ver 9_.png","25_25_25_25"
"58","nonint","blues","10","255","scen1_blues_nonintuitive_ver 10_.png","25_25_25_25"
"59","nonint","blues","11","180","scen1_blues_nonintuitive_ver 11_.png","25_25_25_25"
"60","nonint","blues","12","330","scen1_blues_nonintuitive_ver 12_.png","25_25_25_25"
"61","nonint","blues","13","15","scen1_blues_nonintuitive_ver 13_.png","25_25_25_25"
"62","nonint","blues","14","345","scen1_blues_nonintuitive_ver 14_.png","25_25_25_25"
"63","nonint","blues","15","120","scen1_blues_nonintuitive_ver 15_.png","25_25_25_25"
"64","nonint","blues","16","270","scen1_blues_nonintuitive_ver 16_.png","25_25_25_25"
"65","int","rocket","1","345","scen2_rocket_intuitive_ver 1_.png","40_40_10_10"
"66","int","rocket","2","75","scen2_rocket_intuitive_ver 2_.png","40_40_10_10"
"67","int","rocket","3","60","scen2_rocket_intuitive_ver 3_.png","40_40_10_10"
"68","int","rocket","4","330","scen2_rocket_intuitive_ver 4_.png","40_40_10_10"
"69","int","rocket","5","15","scen2_rocket_intuitive_ver 5_.png","40_40_10_10"
"70","int","rocket","6","210","scen2_rocket_intuitive_ver 6_.png","40_40_10_10"
"71","int","rocket","7","255","scen2_rocket_intuitive_ver 7_.png","40_40_10_10"
"72","int","rocket","8","240","scen2_rocket_intuitive_ver 8_.png","40_40_10_10"
"73","int","rocket","9","135","scen2_rocket_intuitive_ver 9_.png","40_40_10_10"
"74","int","rocket","10","30","scen2_rocket_intuitive_ver 10_.png","40_40_10_10"
"75","int","rocket","11","105","scen2_rocket_intuitive_ver 11_.png","40_40_10_10"
"76","int","rocket","12","270","scen2_rocket_intuitive_ver 12_.png","40_40_10_10"
"77","int","rocket","13","300","scen2_rocket_intuitive_ver 13_.png","40_40_10_10"
"78","int","rocket","14","315","scen2_rocket_intuitive_ver 14_.png","40_40_10_10"
"79","int","rocket","15","225","scen2_rocket_intuitive_ver 15_.png","40_40_10_10"
"80","int","rocket","16","45","scen2_rocket_intuitive_ver 16_.png","40_40_10_10"
"81","nonint","rocket","1","255","scen2_rocket_nonintuitive_ver 1_.png","40_40_10_10"
"82","nonint","rocket","2","0","scen2_rocket_nonintuitive_ver 2_.png","40_40_10_10"
"83","nonint","rocket","3","135","scen2_rocket_nonintuitive_ver 3_.png","40_40_10_10"
"84","nonint","rocket","4","345","scen2_rocket_nonintuitive_ver 4_.png","40_40_10_10"
"85","nonint","rocket","5","285","scen2_rocket_nonintuitive_ver 5_.png","40_40_10_10"
"86","nonint","rocket","6","15","scen2_rocket_nonintuitive_ver 6_.png","40_40_10_10"
"87","nonint","rocket","7","120","scen2_rocket_nonintuitive_ver 7_.png","40_40_10_10"
"88","nonint","rocket","8","105","scen2_rocket_nonintuitive_ver 8_.png","40_40_10_10"
"89","nonint","rocket","9","90","scen2_rocket_nonintuitive_ver 9_.png","40_40_10_10"
"90","nonint","rocket","10","180","scen2_rocket_nonintuitive_ver 10_.png","40_40_10_10"
"91","nonint","rocket","11","330","scen2_rocket_nonintuitive_ver 11_.png","40_40_10_10"
"92","nonint","rocket","12","165","scen2_rocket_nonintuitive_ver 12_.png","40_40_10_10"
"93","nonint","rocket","13","240","scen2_rocket_nonintuitive_ver 13_.png","40_40_10_10"
"94","nonint","rocket","14","210","scen2_rocket_nonintuitive_ver 14_.png","40_40_10_10"
"95","nonint","rocket","15","315","scen2_rocket_nonintuitive_ver 15_.png","40_40_10_10"
"96","nonint","rocket","16","60","scen2_rocket_nonintuitive_ver 16_.png","40_40_10_10"
"97","int","blues","1","195","scen2_blues_intuitive_ver 1_.png","40_40_10_10"
"98","int","blues","2","255","scen2_blues_intuitive_ver 2_.png","40_40_10_10"
"99","int","blues","3","315","scen2_blues_intuitive_ver 3_.png","40_40_10_10"
"100","int","blues","4","330","scen2_blues_intuitive_ver 4_.png","40_40_10_10"
"101","int","blues","5","210","scen2_blues_intuitive_ver 5_.png","40_40_10_10"
"102","int","blues","6","60","scen2_blues_intuitive_ver 6_.png","40_40_10_10"
"103","int","blues","7","285","scen2_blues_intuitive_ver 7_.png","40_40_10_10"
"104","int","blues","8","30","scen2_blues_intuitive_ver 8_.png","40_40_10_10"
"105","int","blues","9","345","scen2_blues_intuitive_ver 9_.png","40_40_10_10"
"106","int","blues","10","135","scen2_blues_intuitive_ver 10_.png","40_40_10_10"
"107","int","blues","11","165","scen2_blues_intuitive_ver 11_.png","40_40_10_10"
"108","int","blues","12","105","scen2_blues_intuitive_ver 12_.png","40_40_10_10"
"109","int","blues","13","45","scen2_blues_intuitive_ver 13_.png","40_40_10_10"
"110","int","blues","14","180","scen2_blues_intuitive_ver 14_.png","40_40_10_10"
"111","int","blues","15","120","scen2_blues_intuitive_ver 15_.png","40_40_10_10"
"112","int","blues","16","270","scen2_blues_intuitive_ver 16_.png","40_40_10_10"
"113","nonint","blues","1","15","scen2_blues_nonintuitive_ver 1_.png","40_40_10_10"
"114","nonint","blues","2","0","scen2_blues_nonintuitive_ver 2_.png","40_40_10_10"
"115","nonint","blues","3","315","scen2_blues_nonintuitive_ver 3_.png","40_40_10_10"
"116","nonint","blues","4","225","scen2_blues_nonintuitive_ver 4_.png","40_40_10_10"
"117","nonint","blues","5","255","scen2_blues_nonintuitive_ver 5_.png","40_40_10_10"
"118","nonint","blues","6","150","scen2_blues_nonintuitive_ver 6_.png","40_40_10_10"
"119","nonint","blues","7","60","scen2_blues_nonintuitive_ver 7_.png","40_40_10_10"
"120","nonint","blues","8","285","scen2_blues_nonintuitive_ver 8_.png","40_40_10_10"
"121","nonint","blues","9","210","scen2_blues_nonintuitive_ver 9_.png","40_40_10_10"
"122","nonint","blues","10","90","scen2_blues_nonintuitive_ver 10_.png","40_40_10_10"
"123","nonint","blues","11","30","scen2_blues_nonintuitive_ver 11_.png","40_40_10_10"
"124","nonint","blues","12","165","scen2_blues_nonintuitive_ver 12_.png","40_40_10_10"
"125","nonint","blues","13","135","scen2_blues_nonintuitive_ver 13_.png","40_40_10_10"
"126","nonint","blues","14","180","scen2_blues_nonintuitive_ver 14_.png","40_40_10_10"
"127","nonint","blues","15","300","scen2_blues_nonintuitive_ver 15_.png","40_40_10_10"
"128","nonint","blues","16","120","scen2_blues_nonintuitive_ver 16_.png","40_40_10_10"
"129","int","rocket","1","345","scen3_rocket_intuitive_ver 1_.png","10_10_40_40"
"130","int","rocket","2","315","scen3_rocket_intuitive_ver 2_.png","10_10_40_40"
"131","int","rocket","3","195","scen3_rocket_intuitive_ver 3_.png","10_10_40_40"
"132","int","rocket","4","0","scen3_rocket_intuitive_ver 4_.png","10_10_40_40"
"133","int","rocket","5","45","scen3_rocket_intuitive_ver 5_.png","10_10_40_40"
"134","int","rocket","6","240","scen3_rocket_intuitive_ver 6_.png","10_10_40_40"
"135","int","rocket","7","210","scen3_rocket_intuitive_ver 7_.png","10_10_40_40"
"136","int","rocket","8","75","scen3_rocket_intuitive_ver 8_.png","10_10_40_40"
"137","int","rocket","9","225","scen3_rocket_intuitive_ver 9_.png","10_10_40_40"
"138","int","rocket","10","330","scen3_rocket_intuitive_ver 10_.png","10_10_40_40"
"139","int","rocket","11","180","scen3_rocket_intuitive_ver 11_.png","10_10_40_40"
"140","int","rocket","12","135","scen3_rocket_intuitive_ver 12_.png","10_10_40_40"
"141","int","rocket","13","60","scen3_rocket_intuitive_ver 13_.png","10_10_40_40"
"142","int","rocket","14","150","scen3_rocket_intuitive_ver 14_.png","10_10_40_40"
"143","int","rocket","15","30","scen3_rocket_intuitive_ver 15_.png","10_10_40_40"
"144","int","rocket","16","165","scen3_rocket_intuitive_ver 16_.png","10_10_40_40"
"145","nonint","rocket","1","90","scen3_rocket_nonintuitive_ver 1_.png","10_10_40_40"
"146","nonint","rocket","2","120","scen3_rocket_nonintuitive_ver 2_.png","10_10_40_40"
"147","nonint","rocket","3","195","scen3_rocket_nonintuitive_ver 3_.png","10_10_40_40"
"148","nonint","rocket","4","180","scen3_rocket_nonintuitive_ver 4_.png","10_10_40_40"
"149","nonint","rocket","5","150","scen3_rocket_nonintuitive_ver 5_.png","10_10_40_40"
"150","nonint","rocket","6","45","scen3_rocket_nonintuitive_ver 6_.png","10_10_40_40"
"151","nonint","rocket","7","15","scen3_rocket_nonintuitive_ver 7_.png","10_10_40_40"
"152","nonint","rocket","8","210","scen3_rocket_nonintuitive_ver 8_.png","10_10_40_40"
"153","nonint","rocket","9","270","scen3_rocket_nonintuitive_ver 9_.png","10_10_40_40"
"154","nonint","rocket","10","285","scen3_rocket_nonintuitive_ver 10_.png","10_10_40_40"
"155","nonint","rocket","11","240","scen3_rocket_nonintuitive_ver 11_.png","10_10_40_40"
"156","nonint","rocket","12","225","scen3_rocket_nonintuitive_ver 12_.png","10_10_40_40"
"157","nonint","rocket","13","315","scen3_rocket_nonintuitive_ver 13_.png","10_10_40_40"
"158","nonint","rocket","14","345","scen3_rocket_nonintuitive_ver 14_.png","10_10_40_40"
"159","nonint","rocket","15","105","scen3_rocket_nonintuitive_ver 15_.png","10_10_40_40"
"160","nonint","rocket","16","75","scen3_rocket_nonintuitive_ver 16_.png","10_10_40_40"
"161","int","blues","1","315","scen3_blues_intuitive_ver 1_.png","10_10_40_40"
"162","int","blues","2","165","scen3_blues_intuitive_ver 2_.png","10_10_40_40"
"163","int","blues","3","195","scen3_blues_intuitive_ver 3_.png","10_10_40_40"
"164","int","blues","4","30","scen3_blues_intuitive_ver 4_.png","10_10_40_40"
"165","int","blues","5","120","scen3_blues_intuitive_ver 5_.png","10_10_40_40"
"166","int","blues","6","15","scen3_blues_intuitive_ver 6_.png","10_10_40_40"
"167","int","blues","7","60","scen3_blues_intuitive_ver 7_.png","10_10_40_40"
"168","int","blues","8","180","scen3_blues_intuitive_ver 8_.png","10_10_40_40"
"169","int","blues","9","135","scen3_blues_intuitive_ver 9_.png","10_10_40_40"
"170","int","blues","10","90","scen3_blues_intuitive_ver 10_.png","10_10_40_40"
"171","int","blues","11","240","scen3_blues_intuitive_ver 11_.png","10_10_40_40"
"172","int","blues","12","270","scen3_blues_intuitive_ver 12_.png","10_10_40_40"
"173","int","blues","13","75","scen3_blues_intuitive_ver 13_.png","10_10_40_40"
"174","int","blues","14","330","scen3_blues_intuitive_ver 14_.png","10_10_40_40"
"175","int","blues","15","255","scen3_blues_intuitive_ver 15_.png","10_10_40_40"
"176","int","blues","16","225","scen3_blues_intuitive_ver 16_.png","10_10_40_40"
"177","nonint","blues","1","0","scen3_blues_nonintuitive_ver 1_.png","10_10_40_40"
"178","nonint","blues","2","135","scen3_blues_nonintuitive_ver 2_.png","10_10_40_40"
"179","nonint","blues","3","315","scen3_blues_nonintuitive_ver 3_.png","10_10_40_40"
"180","nonint","blues","4","180","scen3_blues_nonintuitive_ver 4_.png","10_10_40_40"
"181","nonint","blues","5","15","scen3_blues_nonintuitive_ver 5_.png","10_10_40_40"
"182","nonint","blues","6","75","scen3_blues_nonintuitive_ver 6_.png","10_10_40_40"
"183","nonint","blues","7","30","scen3_blues_nonintuitive_ver 7_.png","10_10_40_40"
"184","nonint","blues","8","345","scen3_blues_nonintuitive_ver 8_.png","10_10_40_40"
"185","nonint","blues","9","210","scen3_blues_nonintuitive_ver 9_.png","10_10_40_40"
"186","nonint","blues","10","120","scen3_blues_nonintuitive_ver 10_.png","10_10_40_40"
"187","nonint","blues","11","60","scen3_blues_nonintuitive_ver 11_.png","10_10_40_40"
"188","nonint","blues","12","150","scen3_blues_nonintuitive_ver 12_.png","10_10_40_40"
"189","nonint","blues","13","90","scen3_blues_nonintuitive_ver 13_.png","10_10_40_40"
"190","nonint","blues","14","270","scen3_blues_nonintuitive_ver 14_.png","10_10_40_40"
"191","nonint","blues","15","330","scen3_blues_nonintuitive_ver 15_.png","10_10_40_40"
"192","nonint","blues","16","300","scen3_blues_nonintuitive_ver 16_.png","10_10_40_40"
"193","int","rocket","1","330","scen4_rocket_intuitive_ver 1_.png","40_25_25_10"
"194","int","rocket","2","300","scen4_rocket_intuitive_ver 2_.png","40_25_25_10"
"195","int","rocket","3","195","scen4_rocket_intuitive_ver 3_.png","40_25_25_10"
"196","int","rocket","4","120","scen4_rocket_intuitive_ver 4_.png","40_25_25_10"
"197","int","rocket","5","135","scen4_rocket_intuitive_ver 5_.png","40_25_25_10"
"198","int","rocket","6","0","scen4_rocket_intuitive_ver 6_.png","40_25_25_10"
"199","int","rocket","7","210","scen4_rocket_intuitive_ver 7_.png","40_25_25_10"
"200","int","rocket","8","165","scen4_rocket_intuitive_ver 8_.png","40_25_25_10"
"201","int","rocket","9","315","scen4_rocket_intuitive_ver 9_.png","40_25_25_10"
"202","int","rocket","10","105","scen4_rocket_intuitive_ver 10_.png","40_25_25_10"
"203","int","rocket","11","225","scen4_rocket_intuitive_ver 11_.png","40_25_25_10"
"204","int","rocket","12","255","scen4_rocket_intuitive_ver 12_.png","40_25_25_10"
"205","int","rocket","13","180","scen4_rocket_intuitive_ver 13_.png","40_25_25_10"
"206","int","rocket","14","60","scen4_rocket_intuitive_ver 14_.png","40_25_25_10"
"207","int","rocket","15","285","scen4_rocket_intuitive_ver 15_.png","40_25_25_10"
"208","int","rocket","16","270","scen4_rocket_intuitive_ver 16_.png","40_25_25_10"
"209","nonint","rocket","1","90","scen4_rocket_nonintuitive_ver 1_.png","40_25_25_10"
"210","nonint","rocket","2","0","scen4_rocket_nonintuitive_ver 2_.png","40_25_25_10"
"211","nonint","rocket","3","300","scen4_rocket_nonintuitive_ver 3_.png","40_25_25_10"
"212","nonint","rocket","4","255","scen4_rocket_nonintuitive_ver 4_.png","40_25_25_10"
"213","nonint","rocket","5","60","scen4_rocket_nonintuitive_ver 5_.png","40_25_25_10"
"214","nonint","rocket","6","105","scen4_rocket_nonintuitive_ver 6_.png","40_25_25_10"
"215","nonint","rocket","7","315","scen4_rocket_nonintuitive_ver 7_.png","40_25_25_10"
"216","nonint","rocket","8","345","scen4_rocket_nonintuitive_ver 8_.png","40_25_25_10"
"217","nonint","rocket","9","285","scen4_rocket_nonintuitive_ver 9_.png","40_25_25_10"
"218","nonint","rocket","10","225","scen4_rocket_nonintuitive_ver 10_.png","40_25_25_10"
"219","nonint","rocket","11","15","scen4_rocket_nonintuitive_ver 11_.png","40_25_25_10"
"220","nonint","rocket","12","150","scen4_rocket_nonintuitive_ver 12_.png","40_25_25_10"
"221","nonint","rocket","13","210","scen4_rocket_nonintuitive_ver 13_.png","40_25_25_10"
"222","nonint","rocket","14","120","scen4_rocket_nonintuitive_ver 14_.png","40_25_25_10"
"223","nonint","rocket","15","135","scen4_rocket_nonintuitive_ver 15_.png","40_25_25_10"
"224","nonint","rocket","16","45","scen4_rocket_nonintuitive_ver 16_.png","40_25_25_10"
"225","int","blues","1","300","scen4_blues_intuitive_ver 1_.png","40_25_25_10"
"226","int","blues","2","135","scen4_blues_intuitive_ver 2_.png","40_25_25_10"
"227","int","blues","3","315","scen4_blues_intuitive_ver 3_.png","40_25_25_10"
"228","int","blues","4","225","scen4_blues_intuitive_ver 4_.png","40_25_25_10"
"229","int","blues","5","150","scen4_blues_intuitive_ver 5_.png","40_25_25_10"
"230","int","blues","6","180","scen4_blues_intuitive_ver 6_.png","40_25_25_10"
"231","int","blues","7","285","scen4_blues_intuitive_ver 7_.png","40_25_25_10"
"232","int","blues","8","210","scen4_blues_intuitive_ver 8_.png","40_25_25_10"
"233","int","blues","9","105","scen4_blues_intuitive_ver 9_.png","40_25_25_10"
"234","int","blues","10","255","scen4_blues_intuitive_ver 10_.png","40_25_25_10"
"235","int","blues","11","240","scen4_blues_intuitive_ver 11_.png","40_25_25_10"
"236","int","blues","12","15","scen4_blues_intuitive_ver 12_.png","40_25_25_10"
"237","int","blues","13","0","scen4_blues_intuitive_ver 13_.png","40_25_25_10"
"238","int","blues","14","345","scen4_blues_intuitive_ver 14_.png","40_25_25_10"
"239","int","blues","15","60","scen4_blues_intuitive_ver 15_.png","40_25_25_10"
"240","int","blues","16","270","scen4_blues_intuitive_ver 16_.png","40_25_25_10"
"241","nonint","blues","1","150","scen4_blues_nonintuitive_ver 1_.png","40_25_25_10"
"242","nonint","blues","2","240","scen4_blues_nonintuitive_ver 2_.png","40_25_25_10"
"243","nonint","blues","3","165","scen4_blues_nonintuitive_ver 3_.png","40_25_25_10"
"244","nonint","blues","4","330","scen4_blues_nonintuitive_ver 4_.png","40_25_25_10"
"245","nonint","blues","5","135","scen4_blues_nonintuitive_ver 5_.png","40_25_25_10"
"246","nonint","blues","6","195","scen4_blues_nonintuitive_ver 6_.png","40_25_25_10"
"247","nonint","blues","7","120","scen4_blues_nonintuitive_ver 7_.png","40_25_25_10"
"248","nonint","blues","8","300","scen4_blues_nonintuitive_ver 8_.png","40_25_25_10"
"249","nonint","blues","9","255","scen4_blues_nonintuitive_ver 9_.png","40_25_25_10"
"250","nonint","blues","10","180","scen4_blues_nonintuitive_ver 10_.png","40_25_25_10"
"251","nonint","blues","11","210","scen4_blues_nonintuitive_ver 11_.png","40_25_25_10"
"252","nonint","blues","12","105","scen4_blues_nonintuitive_ver 12_.png","40_25_25_10"
"253","nonint","blues","13","90","scen4_blues_nonintuitive_ver 13_.png","40_25_25_10"
"254","nonint","blues","14","270","scen4_blues_nonintuitive_ver 14_.png","40_25_25_10"
"255","nonint","blues","15","30","scen4_blues_nonintuitive_ver 15_.png","40_25_25_10"
"256","nonint","blues","16","15","scen4_blues_nonintuitive_ver 16_.png","40_25_25_10"
"257","int","rocket","1","285","scen5_rocket_intuitive_ver 1_.png","10_25_25_40"
"258","int","rocket","2","0","scen5_rocket_intuitive_ver 2_.png","10_25_25_40"
"259","int","rocket","3","180","scen5_rocket_intuitive_ver 3_.png","10_25_25_40"
"260","int","rocket","4","345","scen5_rocket_intuitive_ver 4_.png","10_25_25_40"
"261","int","rocket","5","240","scen5_rocket_intuitive_ver 5_.png","10_25_25_40"
"262","int","rocket","6","120","scen5_rocket_intuitive_ver 6_.png","10_25_25_40"
"263","int","rocket","7","45","scen5_rocket_intuitive_ver 7_.png","10_25_25_40"
"264","int","rocket","8","315","scen5_rocket_intuitive_ver 8_.png","10_25_25_40"
"265","int","rocket","9","75","scen5_rocket_intuitive_ver 9_.png","10_25_25_40"
"266","int","rocket","10","105","scen5_rocket_intuitive_ver 10_.png","10_25_25_40"
"267","int","rocket","11","30","scen5_rocket_intuitive_ver 11_.png","10_25_25_40"
"268","int","rocket","12","195","scen5_rocket_intuitive_ver 12_.png","10_25_25_40"
"269","int","rocket","13","255","scen5_rocket_intuitive_ver 13_.png","10_25_25_40"
"270","int","rocket","14","330","scen5_rocket_intuitive_ver 14_.png","10_25_25_40"
"271","int","rocket","15","225","scen5_rocket_intuitive_ver 15_.png","10_25_25_40"
"272","int","rocket","16","60","scen5_rocket_intuitive_ver 16_.png","10_25_25_40"
"273","nonint","rocket","1","285","scen5_rocket_nonintuitive_ver 1_.png","10_25_25_40"
"274","nonint","rocket","2","30","scen5_rocket_nonintuitive_ver 2_.png","10_25_25_40"
"275","nonint","rocket","3","75","scen5_rocket_nonintuitive_ver 3_.png","10_25_25_40"
"276","nonint","rocket","4","210","scen5_rocket_nonintuitive_ver 4_.png","10_25_25_40"
"277","nonint","rocket","5","300","scen5_rocket_nonintuitive_ver 5_.png","10_25_25_40"
"278","nonint","rocket","6","315","scen5_rocket_nonintuitive_ver 6_.png","10_25_25_40"
"279","nonint","rocket","7","165","scen5_rocket_nonintuitive_ver 7_.png","10_25_25_40"
"280","nonint","rocket","8","270","scen5_rocket_nonintuitive_ver 8_.png","10_25_25_40"
"281","nonint","rocket","9","15","scen5_rocket_nonintuitive_ver 9_.png","10_25_25_40"
"282","nonint","rocket","10","345","scen5_rocket_nonintuitive_ver 10_.png","10_25_25_40"
"283","nonint","rocket","11","195","scen5_rocket_nonintuitive_ver 11_.png","10_25_25_40"
"284","nonint","rocket","12","255","scen5_rocket_nonintuitive_ver 12_.png","10_25_25_40"
"285","nonint","rocket","13","90","scen5_rocket_nonintuitive_ver 13_.png","10_25_25_40"
"286","nonint","rocket","14","150","scen5_rocket_nonintuitive_ver 14_.png","10_25_25_40"
"287","nonint","rocket","15","45","scen5_rocket_nonintuitive_ver 15_.png","10_25_25_40"
"288","nonint","rocket","16","240","scen5_rocket_nonintuitive_ver 16_.png","10_25_25_40"
"289","int","blues","1","90","scen5_blues_intuitive_ver 1_.png","10_25_25_40"
"290","int","blues","2","45","scen5_blues_intuitive_ver 2_.png","10_25_25_40"
"291","int","blues","3","255","scen5_blues_intuitive_ver 3_.png","10_25_25_40"
"292","int","blues","4","120","scen5_blues_intuitive_ver 4_.png","10_25_25_40"
"293","int","blues","5","180","scen5_blues_intuitive_ver 5_.png","10_25_25_40"
"294","int","blues","6","75","scen5_blues_intuitive_ver 6_.png","10_25_25_40"
"295","int","blues","7","330","scen5_blues_intuitive_ver 7_.png","10_25_25_40"
"296","int","blues","8","15","scen5_blues_intuitive_ver 8_.png","10_25_25_40"
"297","int","blues","9","285","scen5_blues_intuitive_ver 9_.png","10_25_25_40"
"298","int","blues","10","30","scen5_blues_intuitive_ver 10_.png","10_25_25_40"
"299","int","blues","11","135","scen5_blues_intuitive_ver 11_.png","10_25_25_40"
"300","int","blues","12","60","scen5_blues_intuitive_ver 12_.png","10_25_25_40"
"301","int","blues","13","315","scen5_blues_intuitive_ver 13_.png","10_25_25_40"
"302","int","blues","14","345","scen5_blues_intuitive_ver 14_.png","10_25_25_40"
"303","int","blues","15","225","scen5_blues_intuitive_ver 15_.png","10_25_25_40"
"304","int","blues","16","240","scen5_blues_intuitive_ver 16_.png","10_25_25_40"
"305","nonint","blues","1","210","scen5_blues_nonintuitive_ver 1_.png","10_25_25_40"
"306","nonint","blues","2","15","scen5_blues_nonintuitive_ver 2_.png","10_25_25_40"
"307","nonint","blues","3","30","scen5_blues_nonintuitive_ver 3_.png","10_25_25_40"
"308","nonint","blues","4","75","scen5_blues_nonintuitive_ver 4_.png","10_25_25_40"
"309","nonint","blues","5","240","scen5_blues_nonintuitive_ver 5_.png","10_25_25_40"
"310","nonint","blues","6","150","scen5_blues_nonintuitive_ver 6_.png","10_25_25_40"
"311","nonint","blues","7","225","scen5_blues_nonintuitive_ver 7_.png","10_25_25_40"
"312","nonint","blues","8","135","scen5_blues_nonintuitive_ver 8_.png","10_25_25_40"
"313","nonint","blues","9","330","scen5_blues_nonintuitive_ver 9_.png","10_25_25_40"
"314","nonint","blues","10","45","scen5_blues_nonintuitive_ver 10_.png","10_25_25_40"
"315","nonint","blues","11","195","scen5_blues_nonintuitive_ver 11_.png","10_25_25_40"
"316","nonint","blues","12","120","scen5_blues_nonintuitive_ver 12_.png","10_25_25_40"
"317","nonint","blues","13","90","scen5_blues_nonintuitive_ver 13_.png","10_25_25_40"
"318","nonint","blues","14","105","scen5_blues_nonintuitive_ver 14_.png","10_25_25_40"
"319","nonint","blues","15","180","scen5_blues_nonintuitive_ver 15_.png","10_25_25_40"
"320","nonint","blues","16","300","scen5_blues_nonintuitive_ver 16_.png","10_25_25_40"
"321","int","rocket","1","75","scen6_rocket_intuitive_ver 1_.png","25_25_10_40"
"322","int","rocket","2","255","scen6_rocket_intuitive_ver 2_.png","25_25_10_40"
"323","int","rocket","3","30","scen6_rocket_intuitive_ver 3_.png","25_25_10_40"
"324","int","rocket","4","210","scen6_rocket_intuitive_ver 4_.png","25_25_10_40"
"325","int","rocket","5","330","scen6_rocket_intuitive_ver 5_.png","25_25_10_40"
"326","int","rocket","6","135","scen6_rocket_intuitive_ver 6_.png","25_25_10_40"
"327","int","rocket","7","240","scen6_rocket_intuitive_ver 7_.png","25_25_10_40"
"328","int","rocket","8","0","scen6_rocket_intuitive_ver 8_.png","25_25_10_40"
"329","int","rocket","9","195","scen6_rocket_intuitive_ver 9_.png","25_25_10_40"
"330","int","rocket","10","315","scen6_rocket_intuitive_ver 10_.png","25_25_10_40"
"331","int","rocket","11","60","scen6_rocket_intuitive_ver 11_.png","25_25_10_40"
"332","int","rocket","12","300","scen6_rocket_intuitive_ver 12_.png","25_25_10_40"
"333","int","rocket","13","225","scen6_rocket_intuitive_ver 13_.png","25_25_10_40"
"334","int","rocket","14","15","scen6_rocket_intuitive_ver 14_.png","25_25_10_40"
"335","int","rocket","15","270","scen6_rocket_intuitive_ver 15_.png","25_25_10_40"
"336","int","rocket","16","345","scen6_rocket_intuitive_ver 16_.png","25_25_10_40"
"337","nonint","rocket","1","165","scen6_rocket_nonintuitive_ver 1_.png","25_25_10_40"
"338","nonint","rocket","2","120","scen6_rocket_nonintuitive_ver 2_.png","25_25_10_40"
"339","nonint","rocket","3","150","scen6_rocket_nonintuitive_ver 3_.png","25_25_10_40"
"340","nonint","rocket","4","75","scen6_rocket_nonintuitive_ver 4_.png","25_25_10_40"
"341","nonint","rocket","5","45","scen6_rocket_nonintuitive_ver 5_.png","25_25_10_40"
"342","nonint","rocket","6","315","scen6_rocket_nonintuitive_ver 6_.png","25_25_10_40"
"343","nonint","rocket","7","270","scen6_rocket_nonintuitive_ver 7_.png","25_25_10_40"
"344","nonint","rocket","8","60","scen6_rocket_nonintuitive_ver 8_.png","25_25_10_40"
"345","nonint","rocket","9","135","scen6_rocket_nonintuitive_ver 9_.png","25_25_10_40"
"346","nonint","rocket","10","210","scen6_rocket_nonintuitive_ver 10_.png","25_25_10_40"
"347","nonint","rocket","11","345","scen6_rocket_nonintuitive_ver 11_.png","25_25_10_40"
"348","nonint","rocket","12","300","scen6_rocket_nonintuitive_ver 12_.png","25_25_10_40"
"349","nonint","rocket","13","225","scen6_rocket_nonintuitive_ver 13_.png","25_25_10_40"
"350","nonint","rocket","14","15","scen6_rocket_nonintuitive_ver 14_.png","25_25_10_40"
"351","nonint","rocket","15","30","scen6_rocket_nonintuitive_ver 15_.png","25_25_10_40"
"352","nonint","rocket","16","285","scen6_rocket_nonintuitive_ver 16_.png","25_25_10_40"
"353","int","blues","1","60","scen6_blues_intuitive_ver 1_.png","25_25_10_40"
"354","int","blues","2","345","scen6_blues_intuitive_ver 2_.png","25_25_10_40"
"355","int","blues","3","225","scen6_blues_intuitive_ver 3_.png","25_25_10_40"
"356","int","blues","4","45","scen6_blues_intuitive_ver 4_.png","25_25_10_40"
"357","int","blues","5","315","scen6_blues_intuitive_ver 5_.png","25_25_10_40"
"358","int","blues","6","165","scen6_blues_intuitive_ver 6_.png","25_25_10_40"
"359","int","blues","7","105","scen6_blues_intuitive_ver 7_.png","25_25_10_40"
"360","int","blues","8","15","scen6_blues_intuitive_ver 8_.png","25_25_10_40"
"361","int","blues","9","255","scen6_blues_intuitive_ver 9_.png","25_25_10_40"
"362","int","blues","10","0","scen6_blues_intuitive_ver 10_.png","25_25_10_40"
"363","int","blues","11","330","scen6_blues_intuitive_ver 11_.png","25_25_10_40"
"364","int","blues","12","300","scen6_blues_intuitive_ver 12_.png","25_25_10_40"
"365","int","blues","13","270","scen6_blues_intuitive_ver 13_.png","25_25_10_40"
"366","int","blues","14","210","scen6_blues_intuitive_ver 14_.png","25_25_10_40"
"367","int","blues","15","285","scen6_blues_intuitive_ver 15_.png","25_25_10_40"
"368","int","blues","16","90","scen6_blues_intuitive_ver 16_.png","25_25_10_40"
"369","nonint","blues","1","60","scen6_blues_nonintuitive_ver 1_.png","25_25_10_40"
"370","nonint","blues","2","75","scen6_blues_nonintuitive_ver 2_.png","25_25_10_40"
"371","nonint","blues","3","165","scen6_blues_nonintuitive_ver 3_.png","25_25_10_40"
"372","nonint","blues","4","135","scen6_blues_nonintuitive_ver 4_.png","25_25_10_40"
"373","nonint","blues","5","105","scen6_blues_nonintuitive_ver 5_.png","25_25_10_40"
"374","nonint","blues","6","255","scen6_blues_nonintuitive_ver 6_.png","25_25_10_40"
"375","nonint","blues","7","30","scen6_blues_nonintuitive_ver 7_.png","25_25_10_40"
"376","nonint","blues","8","315","scen6_blues_nonintuitive_ver 8_.png","25_25_10_40"
"377","nonint","blues","9","210","scen6_blues_nonintuitive_ver 9_.png","25_25_10_40"
"378","nonint","blues","10","180","scen6_blues_nonintuitive_ver 10_.png","25_25_10_40"
"379","nonint","blues","11","195","scen6_blues_nonintuitive_ver 11_.png","25_25_10_40"
"380","nonint","blues","12","120","scen6_blues_nonintuitive_ver 12_.png","25_25_10_40"
"381","nonint","blues","13","300","scen6_blues_nonintuitive_ver 13_.png","25_25_10_40"
"382","nonint","blues","14","0","scen6_blues_nonintuitive_ver 14_.png","25_25_10_40"
"383","nonint","blues","15","90","scen6_blues_nonintuitive_ver 15_.png","25_25_10_40"
"384","nonint","blues","16","150","scen6_blues_nonintuitive_ver 16_.png","25_25_10_40"
